google ads TO DO 	law4veterans.com/#burn	https://github.com/alh-industries/l4vISSUES-gpt5/issues/872	872
google ads TO DO 	check Troy's ads for URLs	https://github.com/alh-industries/l4vISSUES-gpt5/issues/873	873
google ads TO DO 	tags support says: change conversion goals away from default & point at website instead of e.g. UA	https://github.com/alh-industries/l4vISSUES-gpt5/issues/874	874
TROY DO THIS SHIT - google ads	Conversion Action ... Set conversion value ??	https://github.com/alh-industries/l4vISSUES-gpt5/issues/875	875
TROY DO THIS SHIT - google ads	TRACKING TEMPLATE to BLANK???	https://github.com/alh-industries/l4vISSUES-gpt5/issues/876	876
TROY DO THIS SHIT - google ads	GIVE ADMIN?: cannot link to g.analytics account	https://github.com/alh-industries/l4vISSUES-gpt5/issues/877	877
TROY DO THIS SHIT - google ads	enable parallel tracking	https://github.com/alh-industries/l4vISSUES-gpt5/issues/878	878
TROY DO THIS SHIT - google ads	account setting > lead  form ads terms NOT accepted	https://github.com/alh-industries/l4vISSUES-gpt5/issues/879	879
intaker Qs for Joe	assign Leads within Intaker?  (> research Docusign integration)	https://github.com/alh-industries/l4vISSUES-gpt5/issues/880	880
intaker Qs for Joe	spam prevention? = 2fa sms to submit again	https://github.com/alh-industries/l4vISSUES-gpt5/issues/881	881
intaker Qs for Joe	or Joe simply fwd Intaker email regardless?	https://github.com/alh-industries/l4vISSUES-gpt5/issues/882	882
intaker Qs for Joe	use intaker phonecall button or intaker phone service?	https://github.com/alh-industries/l4vISSUES-gpt5/issues/883	883
intaker Qs for Joe	live-call connect? intaker instantly dials Firm upon Lead phone # submission	https://github.com/alh-industries/l4vISSUES-gpt5/issues/884	884
intaker Qs for Joe	do we need Firm users saved in Intaker? Stella, Debbie, etc.	https://github.com/alh-industries/l4vISSUES-gpt5/issues/885	885
scrape archived L4V sites (wayback machine)	audit additional pages, URLs	https://github.com/alh-industries/l4vISSUES-gpt5/issues/886	886
scrape archived L4V sites (wayback machine)	determine useful website versions and their dates	https://github.com/alh-industries/l4vISSUES-gpt5/issues/887	887
scrape archived L4V sites (wayback machine)	save URL of each	https://github.com/alh-industries/l4vISSUES-gpt5/issues/888	888
scrape archived L4V sites (wayback machine)	(ChatGPT) old copy + SEO keyword analysis = new copy	https://github.com/alh-industries/l4vISSUES-gpt5/issues/889	889
scrape archived L4V sites (wayback machine)	scrape copy and save to... OneNote?	https://github.com/alh-industries/l4vISSUES-gpt5/issues/890	890
scrape copy from old websites	wayback > site map	https://github.com/alh-industries/l4vISSUES-gpt5/issues/891	891
scrape copy from old websites	new copy = old copy + SEO keywords	https://github.com/alh-industries/l4vISSUES-gpt5/issues/892	892
scrape copy from old websites	scrape w/GPT	https://github.com/alh-industries/l4vISSUES-gpt5/issues/893	893
audit SEO of old websites	anchor links	https://github.com/alh-industries/l4vISSUES-gpt5/issues/894	894
audit SEO of old websites	copy content, as pertaining to SEO	https://github.com/alh-industries/l4vISSUES-gpt5/issues/895	895
audit SEO of old websites	URL slugs	https://github.com/alh-industries/l4vISSUES-gpt5/issues/896	896
audit SEO of old websites	SEO tags?	https://github.com/alh-industries/l4vISSUES-gpt5/issues/897	897
audit SEO of old websites	previous homepage was stuffed with SEO and anchor links	https://github.com/alh-industries/l4vISSUES-gpt5/issues/898	898
law4veterans.com/#burn	[INSERT ARCHIVE LINK]	https://github.com/alh-industries/l4vISSUES-gpt5/issues/899	899
google analytics	UTM	https://github.com/alh-industries/l4vISSUES-gpt5/issues/900	900
google analytics	configure site tags: analytics>L4V account>property settings>data streams	https://github.com/alh-industries/l4vISSUES-gpt5/issues/901	901
google search console	1: added L4v domain via search console panel	https://github.com/alh-industries/l4vISSUES-gpt5/issues/902	902
google search console	TWO properties??	https://github.com/alh-industries/l4vISSUES-gpt5/issues/903	903
google search console	https://www.wix.com/seo/learn/resource/wix-site-inspection-tool	https://github.com/alh-industries/l4vISSUES-gpt5/issues/904	904
google search console	reddit says: check html header for old tag data	https://github.com/alh-industries/l4vISSUES-gpt5/issues/905	905
google search console	2: added google tag via wix marketing integrations	https://github.com/alh-industries/l4vISSUES-gpt5/issues/906	906
SEO	https://www.reddit.com/r/SEO/comments/hrcbv9/wix_seo_issues/	https://github.com/alh-industries/l4vISSUES-gpt5/issues/907	907
SEO	https://www.reddit.com/r/WixHelp/comments/18oazro/meta_descripton_business_what_am_i_missing/	https://github.com/alh-industries/l4vISSUES-gpt5/issues/908	908
SEO	https://www.wix.com/seo/learn/resource/what-is-google-search-console#viewer-5ybih31321	https://github.com/alh-industries/l4vISSUES-gpt5/issues/909	909
stella docusign email notifs	"stella@law4veterans.com seems to be a default recipient in the notification flow	https://github.com/alh-industries/l4vISSUES-gpt5/issues/910	910
stella docusign email notifs	CAN STELLA JUST HIT ""UNSUBSCRIBE"" LINK ???? (mostly no)	https://github.com/alh-industries/l4vISSUES-gpt5/issues/911	911
stella docusign email notifs	debbie@, stella@ both trigger email to stella@ when they send envelope to client	https://github.com/alh-industries/l4vISSUES-gpt5/issues/912	912
stella docusign email notifs	unclear if joe@ also triggers	https://github.com/alh-industries/l4vISSUES-gpt5/issues/913	913
stella docusign email notifs	evaluate fix	https://github.com/alh-industries/l4vISSUES-gpt5/issues/914	914
stella docusign email notifs	what does ""report email"" hyperlink do? "	https://github.com/alh-industries/l4vISSUES-gpt5/issues/915	915
wix certs	https://www.wix.com/learn/certification/accessibility	https://github.com/alh-industries/l4vISSUES-gpt5/issues/916	916
wix certs	https://www.wix.com/studio/academy/web-designer-certification-criteria	https://github.com/alh-industries/l4vISSUES-gpt5/issues/917	917
audit /update L4V phone numbers	"trace numbers to campaigns (/platforms?)	https://github.com/alh-industries/l4vISSUES-gpt5/issues/918	918
audit /update L4V phone numbers	wait for Troy's report (email)	https://github.com/alh-industries/l4vISSUES-gpt5/issues/919	919
audit /update L4V phone numbers	Troy: defaulting 704-940-0353 (joe says ""that's one of my actual land line numbers"")	https://github.com/alh-industries/l4vISSUES-gpt5/issues/920	920
audit /update L4V phone numbers	(product) research > phone # generator +analytics	https://github.com/alh-industries/l4vISSUES-gpt5/issues/921	921
audit /update L4V phone numbers	see @isa notes for #s	https://github.com/alh-industries/l4vISSUES-gpt5/issues/922	922
audit /update L4V phone numbers	bbb.org: (704) 940-0353	https://github.com/alh-industries/l4vISSUES-gpt5/issues/923	923
audit /update L4V phone numbers	Troy : all L4v-800 numbers untrackable	https://github.com/alh-industries/l4vISSUES-gpt5/issues/924	924
audit /update L4V phone numbers	DATABASE: L4v #s, attached channel,	https://github.com/alh-industries/l4vISSUES-gpt5/issues/925	925
audit /update L4V phone numbers	attach (unique?) #s to every profile > IG, FB, website, ads "	https://github.com/alh-industries/l4vISSUES-gpt5/issues/926	926
email campaigns	holiday + military holiday	https://github.com/alh-industries/l4vISSUES-gpt5/issues/927	927
email campaigns	newsletter	https://github.com/alh-industries/l4vISSUES-gpt5/issues/928	928
email campaigns	dropped/silent Leads	https://github.com/alh-industries/l4vISSUES-gpt5/issues/929	929
email campaigns	client birthday > simplelaw??? outlook?	https://github.com/alh-industries/l4vISSUES-gpt5/issues/930	930
Can Joe access....?	bochicchiolaw@gmail.com > intaker pending users	https://github.com/alh-industries/l4vISSUES-gpt5/issues/931	931
Can Joe access....?	[pen test] joe@law4veterans and @DLH >> as username for gmail.com	https://github.com/alh-industries/l4vISSUES-gpt5/issues/932	932
Can Joe access....?	bochicchiolaw >> 2fa phone ends in -27.... >> j**@law4veterans.com	https://github.com/alh-industries/l4vISSUES-gpt5/issues/933	933
Can Joe access....?	bochicchiolaw@gmail.com > google ads admin	https://github.com/alh-industries/l4vISSUES-gpt5/issues/934	934
Can Joe access....?	law4veterans@gmail.com	https://github.com/alh-industries/l4vISSUES-gpt5/issues/935	935
Qs for Joe 	"is SMS a valid Lead contact method? ... include ""text me"" option on forms?	https://github.com/alh-industries/l4vISSUES-gpt5/issues/936	936
Qs for Joe 	""most recent va decision letter"" ... do i need to clarify which letter? or clarify multiple is ok?	https://github.com/alh-industries/l4vISSUES-gpt5/issues/937	937
Qs for Joe 	VA Decision Letter .... vs ratings decision? need an official glossary (SEO shit)	https://github.com/alh-industries/l4vISSUES-gpt5/issues/938	938
Qs for Joe 	joe does free consult 100% of the time?	https://github.com/alh-industries/l4vISSUES-gpt5/issues/939	939
Qs for Joe 	is the Wix Contact Form simple enough for LCD Leads?	https://github.com/alh-industries/l4vISSUES-gpt5/issues/940	940
Qs for Joe 	Is Nextiva your only biz number provider?	https://github.com/alh-industries/l4vISSUES-gpt5/issues/941	941
Qs for Joe 	Sender identity in chatbots... initial messages from L4V or from Joe ?	https://github.com/alh-industries/l4vISSUES-gpt5/issues/942	942
Qs for Joe 	please evaluate/correct consent box"	https://github.com/alh-industries/l4vISSUES-gpt5/issues/943	943
Facebook 	finish the easy-graphic for stella (finished? check email)	https://github.com/alh-industries/l4vISSUES-gpt5/issues/944	944
Facebook 	start ads campaign	https://github.com/alh-industries/l4vISSUES-gpt5/issues/945	945
Facebook 	QR +UTM codes (decide on google analytics tags??)	https://github.com/alh-industries/l4vISSUES-gpt5/issues/946	946
Meta	reply to open FB tickets	https://github.com/alh-industries/l4vISSUES-gpt5/issues/947	947
Meta	claim fb@law4veterans	https://github.com/alh-industries/l4vISSUES-gpt5/issues/948	948
Meta	verify phone # tied to Joe IG profile > accountscenter.instagram.com/profiles/	https://github.com/alh-industries/l4vISSUES-gpt5/issues/949	949
Meta	UNLOCK INSTAGRAM?!?!?	https://github.com/alh-industries/l4vISSUES-gpt5/issues/950	950
Meta	open help via IG	https://github.com/alh-industries/l4vISSUES-gpt5/issues/951	951
Meta	Get meta verified	https://github.com/alh-industries/l4vISSUES-gpt5/issues/952	952
Meta	Verify Joe personal identity (mail 2fa from Debbie)	https://github.com/alh-industries/l4vISSUES-gpt5/issues/953	953
Meta	attach all accts to accountscenter.instagram.com	https://github.com/alh-industries/l4vISSUES-gpt5/issues/954	954
Meta	open addtl FB help	https://github.com/alh-industries/l4vISSUES-gpt5/issues/955	955
youtube	solution? https://www.youtube.com/watch?v=rMQRqKi4FeQ	https://github.com/alh-industries/l4vISSUES-gpt5/issues/956	956
youtube	(https://www.youtube.com/@Law4Veterans)	https://github.com/alh-industries/l4vISSUES-gpt5/issues/957	957
youtube	recover account? ... law4veterans@gmail.com	https://github.com/alh-industries/l4vISSUES-gpt5/issues/958	958
ian, social media	send assets	https://github.com/alh-industries/l4vISSUES-gpt5/issues/959	959
ian, social media	add to IG, FB admin	https://github.com/alh-industries/l4vISSUES-gpt5/issues/960	960
ian, social media	work on twitter, linkedin,	https://github.com/alh-industries/l4vISSUES-gpt5/issues/961	961
ian, social media	https://metricool.com/crossposting-instagram-facebook/#Crossposting_from_Instagram_to_Facebook_from_	https://github.com/alh-industries/l4vISSUES-gpt5/issues/962	962
ian, social media	(Ian) does his account work?	https://github.com/alh-industries/l4vISSUES-gpt5/issues/963	963
ian, social media	https://help.instagram.com/192857082456744	https://github.com/alh-industries/l4vISSUES-gpt5/issues/964	964
ian, social media	ask his content/design	https://github.com/alh-industries/l4vISSUES-gpt5/issues/965	965
ian, social media	ian posts to IG > auto-post to FB page	https://github.com/alh-industries/l4vISSUES-gpt5/issues/966	966
Docusign renewal - APRIL 22	review joe's fwd	https://github.com/alh-industries/l4vISSUES-gpt5/issues/967	967
Docusign renewal - APRIL 22	review new DS tiers	https://github.com/alh-industries/l4vISSUES-gpt5/issues/968	968
Docusign renewal - APRIL 22	schedule Docusign demo (Maestro)	https://github.com/alh-industries/l4vISSUES-gpt5/issues/969	969
Docusign renewal - APRIL 22	date: TBD	https://github.com/alh-industries/l4vISSUES-gpt5/issues/970	970
psych doc search	MD or PhD ... see joe email for reqs	https://github.com/alh-industries/l4vISSUES-gpt5/issues/971	971
psych doc search	compile list, send to joe	https://github.com/alh-industries/l4vISSUES-gpt5/issues/972	972
psych doc search	(wix form) Alex Rosin, MD ALEXROSIN4@GMAIL.COM https://www.linkedin.com/in/alex-rosin-072ba1321	https://github.com/alh-industries/l4vISSUES-gpt5/issues/973	973
psych doc search	https://www.reddit.com/r/psychotherapists/comments/1iyu0as/where_to_find_clients/	https://github.com/alh-industries/l4vISSUES-gpt5/issues/974	974
psych doc search	search web, IG, FB, psych today, linkedin, ... VA website?	https://github.com/alh-industries/l4vISSUES-gpt5/issues/975	975
generate QR + UTM 	https://www.wix.com/tools/qr-code-generator	https://github.com/alh-industries/l4vISSUES-gpt5/issues/976	976
generate QR + UTM 	figure out UTM tags > google analytics	https://github.com/alh-industries/l4vISSUES-gpt5/issues/977	977
OPSEC	"outlook inbox search: ""unsubscribe""	https://github.com/alh-industries/l4vISSUES-gpt5/issues/978	978
OPSEC	open support ticket: when was rule ""antispam"" created? > matthewdonchester2023@gmail.com	https://github.com/alh-industries/l4vISSUES-gpt5/issues/979	979
OPSEC	segregate email addresses.. biz and personal	https://github.com/alh-industries/l4vISSUES-gpt5/issues/980	980
OPSEC	remember Stella's bitwarden password....	https://github.com/alh-industries/l4vISSUES-gpt5/issues/981	981
OPSEC	set up bitwarden for Joe and Stella....	https://github.com/alh-industries/l4vISSUES-gpt5/issues/982	982
OPSEC	Set brian as their bitwarden admin"	https://github.com/alh-industries/l4vISSUES-gpt5/issues/983	983
instagram, intro triple postsss	r1) open with branding? jeep, dogtag?, logo??	https://github.com/alh-industries/l4vISSUES-gpt5/issues/984	984
instagram, intro triple postsss	r2) (PIN) about joe, about l4v, why we're different	https://github.com/alh-industries/l4vISSUES-gpt5/issues/985	985
instagram, intro triple postsss	2) contact info (use ig app)	https://github.com/alh-industries/l4vISSUES-gpt5/issues/986	986
instagram, intro triple postsss	3) l4v generic (use meta app)	https://github.com/alh-industries/l4vISSUES-gpt5/issues/987	987
google tag mgr	"(unless that's a google search console bug?? idr. double check)	https://github.com/alh-industries/l4vISSUES-gpt5/issues/988	988
google tag mgr	install Vibe pixel (see their support article)	https://github.com/alh-industries/l4vISSUES-gpt5/issues/989	989
google tag mgr	google tag manager show TWO l4v websites... maybe due to ""ghost"" header tag html?	https://github.com/alh-industries/l4vISSUES-gpt5/issues/990	990
google tag mgr	fix google tag manager	https://github.com/alh-industries/l4vISSUES-gpt5/issues/991	991
google tag mgr	https://support.google.com/tagmanager/answer/12329709"	https://github.com/alh-industries/l4vISSUES-gpt5/issues/992	992
Joe's Meta 2fa (debbie mail)	email debbie	https://github.com/alh-industries/l4vISSUES-gpt5/issues/993	993
Joe's Meta 2fa (debbie mail)	receive > enter code via joe's personal fb account	https://github.com/alh-industries/l4vISSUES-gpt5/issues/994	994
Joe's Meta 2fa (debbie mail)	RECEIVED: BBDIGITAL INBOX FOR CODE	https://github.com/alh-industries/l4vISSUES-gpt5/issues/995	995
wix mobile - zooming issue	"edit mobile site for 3XXpx wide (look this up)... audit with browser inspection>mobile, not wix prvw	https://github.com/alh-industries/l4vISSUES-gpt5/issues/996	996
wix mobile - zooming issue	background asset does not move, so.... ""prebake"" the ~translucent blue onto the background image??	https://github.com/alh-industries/l4vISSUES-gpt5/issues/997	997
wix mobile - zooming issue	change fonts to 13pt+?  - https://forum.wixstudio.com/t/having-a-page-zoom-out-on-mobile/41668/3	https://github.com/alh-industries/l4vISSUES-gpt5/issues/998	998
wix mobile - zooming issue	reconfigure hamburger menu (remove?)	https://github.com/alh-industries/l4vISSUES-gpt5/issues/999	999
wix mobile - zooming issue	https://support.wix.com/en/article/accessibility-about-zoomed-content	https://github.com/alh-industries/l4vISSUES-gpt5/issues/1000	1000
wix mobile - zooming issue	decrease font sizes - https://support.wix.com/en/article/mobile-live-site-loads-zoomed-inout-on-andr	https://github.com/alh-industries/l4vISSUES-gpt5/issues/1001	1001
wix mobile - zooming issue	buttons link to external URL instead of site location - https://www.reddit.com/r/WIX/comments/tax9t1	https://github.com/alh-industries/l4vISSUES-gpt5/issues/1002	1002
wix mobile - zooming issue	hard code viewport - https://www.reddit.com/r/webdev/comments/vp28k8/comment/ieginbe/	https://github.com/alh-industries/l4vISSUES-gpt5/issues/1003	1003
wix mobile - zooming issue	MAYBE THIS IS TIED TO WEBSITE ""BACKGROUND COLOR"" ELEMENTS?? scrolling the page = color layers moving"	https://github.com/alh-industries/l4vISSUES-gpt5/issues/1004	1004
Finish website	INTEGRATIONS: G tag vs tag mgr?	https://github.com/alh-industries/l4vISSUES-gpt5/issues/1005	1005
Finish website	SEO: meta tags for literally every element, asset filenames (native vs wix?)	https://github.com/alh-industries/l4vISSUES-gpt5/issues/1006	1006
Finish website	fix mobile layout menus	https://github.com/alh-industries/l4vISSUES-gpt5/issues/1007	1007
Finish website	ASSETS: edit pics, logos	https://github.com/alh-industries/l4vISSUES-gpt5/issues/1008	1008
Finish website	MENUS: mobile and desktop	https://github.com/alh-industries/l4vISSUES-gpt5/issues/1009	1009
Finish website	fix mobile layout zoom issue	https://github.com/alh-industries/l4vISSUES-gpt5/issues/1010	1010
Finish website	https://www.reddit.com/r/WIX/comments/17s9x2y/best_practices_uploading_images_and_saving_records/	https://github.com/alh-industries/l4vISSUES-gpt5/issues/1011	1011
Finish website	apply joe intaker edits	https://github.com/alh-industries/l4vISSUES-gpt5/issues/1012	1012
Finish website	shrink mobile layout elements	https://github.com/alh-industries/l4vISSUES-gpt5/issues/1013	1013
Finish website	fix mobile layout font size	https://github.com/alh-industries/l4vISSUES-gpt5/issues/1014	1014
Finish website	install intaker	https://github.com/alh-industries/l4vISSUES-gpt5/issues/1015	1015
Finish website	INTAKER: request joe audit	https://github.com/alh-industries/l4vISSUES-gpt5/issues/1016	1016
Finish website	MOBILE SITE: fix layout	https://github.com/alh-industries/l4vISSUES-gpt5/issues/1017	1017
Finish website	CONTENT: faqs...	https://github.com/alh-industries/l4vISSUES-gpt5/issues/1018	1018
Finish website	Update website socials info/icons	https://github.com/alh-industries/l4vISSUES-gpt5/issues/1019	1019
ad blocker incompatible?	website flashes and reloads on my phone (adguard)	https://github.com/alh-industries/l4vISSUES-gpt5/issues/1020	1020
ad blocker incompatible?	test intaker bot v2	https://github.com/alh-industries/l4vISSUES-gpt5/issues/1021	1021
Fix mobile layout	https://support.wix.com/en/article/wix-editor-troubleshooting-layout-issues-on-your-mobile-site	https://github.com/alh-industries/l4vISSUES-gpt5/issues/1022	1022
Fix mobile layout	https://support.wix.com/en/article/site-performance-best-practices	https://github.com/alh-industries/l4vISSUES-gpt5/issues/1023	1023
terrible mobile UX	website zooms in for certain users (android + chrome?)	https://github.com/alh-industries/l4vISSUES-gpt5/issues/1024	1024
create L4V roles/users/aliases (m365)	shared docusign inbox?	https://github.com/alh-industries/l4vISSUES-gpt5/issues/1025	1025
create L4V roles/users/aliases (m365)	create report / spreadsheet (copilot?)	https://github.com/alh-industries/l4vISSUES-gpt5/issues/1026	1026
create L4V roles/users/aliases (m365)	marketing@	https://github.com/alh-industries/l4vISSUES-gpt5/issues/1027	1027
create L4V roles/users/aliases (m365)	admin@	https://github.com/alh-industries/l4vISSUES-gpt5/issues/1028	1028
clean up L4V/DLH msft project files	delete Planner stubs, archive old	https://github.com/alh-industries/l4vISSUES-gpt5/issues/1029	1029
clean up L4V/DLH msft project files	start in Sharepoint?	https://github.com/alh-industries/l4vISSUES-gpt5/issues/1030	1030
dba/trade name	NC Bar does not care	https://github.com/alh-industries/l4vISSUES-gpt5/issues/1031	1031
dba/trade name	https://www.ncbar.gov/for-lawyers/ethics/adopted-opinions/2005-formal-ethics-opinion-8/	https://github.com/alh-industries/l4vISSUES-gpt5/issues/1032	1032
dba/trade name	must register DBA in at least 1 county	https://github.com/alh-industries/l4vISSUES-gpt5/issues/1033	1033
dba/trade name	trademark search https://tmsearch.uspto.gov/search/search-information	https://github.com/alh-industries/l4vISSUES-gpt5/issues/1034	1034
dba/trade name	nc dba form: https://edpnc.com/wp-content/uploads/2024/03/A-Assumed-Business-Name-Certificate-1.pdf	https://github.com/alh-industries/l4vISSUES-gpt5/issues/1035	1035
dba/trade name	meck county dba: https://meckrod.manatron.com/localization/asninfo.htm	https://github.com/alh-industries/l4vISSUES-gpt5/issues/1036	1036
Simple Law renewal???	when?	https://github.com/alh-industries/l4vISSUES-gpt5/issues/1037	1037
Simple Law renewal???	August	https://github.com/alh-industries/l4vISSUES-gpt5/issues/1038	1038
Simple Law renewal???	Ditch simple law? Lol	https://github.com/alh-industries/l4vISSUES-gpt5/issues/1039	1039
Biz category	Law Firm	https://github.com/alh-industries/l4vISSUES-gpt5/issues/1040	1040
Biz category	legal service	https://github.com/alh-industries/l4vISSUES-gpt5/issues/1041	1041
Biz category	Veterans services	https://github.com/alh-industries/l4vISSUES-gpt5/issues/1042	1042
Biz category	legal	https://github.com/alh-industries/l4vISSUES-gpt5/issues/1043	1043
Biz category	Lawyer	https://github.com/alh-industries/l4vISSUES-gpt5/issues/1044	1044
Misc usage, ethics	lawyer vs attorney vs law firm	https://github.com/alh-industries/l4vISSUES-gpt5/issues/1045	1045
Misc usage, ethics	https://www.ncbar.org/2019/07/23/ethical-considerations-for-nc-law-firm-websites/	https://github.com/alh-industries/l4vISSUES-gpt5/issues/1046	1046
L4v phone numbers - public facing	facebook	https://github.com/alh-industries/l4vISSUES-gpt5/issues/1047	1047
L4v phone numbers - public facing	website	https://github.com/alh-industries/l4vISSUES-gpt5/issues/1048	1048
L4v phone numbers - public facing	-4044 = Twilio (no access?)	https://github.com/alh-industries/l4vISSUES-gpt5/issues/1049	1049
L4v phone numbers - public facing	[“real” #s == 704-543-2294 and 704-940-0353]	https://github.com/alh-industries/l4vISSUES-gpt5/issues/1050	1050
L4v phone numbers - public facing	7045432294 - IG @joe_vets_lawyer	https://github.com/alh-industries/l4vISSUES-gpt5/issues/1051	1051
L4v phone numbers - public facing	nc bar records	https://github.com/alh-industries/l4vISSUES-gpt5/issues/1052	1052
Brian Meta account disaster	my current fb page login = bbdigital email + bakerb user account. disentangle this	https://github.com/alh-industries/l4vISSUES-gpt5/issues/1053	1053
Brian Meta account disaster	https://www.reddit.com/r/FacebookBusiness/comments/1hagop5/unable_to_accept_business_invite/	https://github.com/alh-industries/l4vISSUES-gpt5/issues/1054	1054
Brian Meta account disaster	meta account: disallow cross over logins	https://github.com/alh-industries/l4vISSUES-gpt5/issues/1055	1055
Brian Meta account disaster	fb page admin accounts are tied to email address...	https://github.com/alh-industries/l4vISSUES-gpt5/issues/1056	1056
Brian Meta account disaster	personal FB account cannot use Meta Business Suite	https://github.com/alh-industries/l4vISSUES-gpt5/issues/1057	1057
Brian Meta account disaster	fb page admin: change bbdigital to bakerb	https://github.com/alh-industries/l4vISSUES-gpt5/issues/1058	1058
Brian Meta account disaster	facebook.com/id/hub > official docs > action required > 'no Q's available' loop	https://github.com/alh-industries/l4vISSUES-gpt5/issues/1059	1059
Brian Meta account disaster	INFO: i have never used/installed FB mobile > incomplete 'identity' feature? > limiting my acct?	https://github.com/alh-industries/l4vISSUES-gpt5/issues/1060	1060
IG changes	pfp	https://github.com/alh-industries/l4vISSUES-gpt5/issues/1061	1061
IG changes	l4v business details	https://github.com/alh-industries/l4vISSUES-gpt5/issues/1062	1062
IG changes	removed Jessica's logged-in device (macOS, nov 2022)	https://github.com/alh-industries/l4vISSUES-gpt5/issues/1063	1063
IG changes	sanitize follows/ers	https://github.com/alh-industries/l4vISSUES-gpt5/issues/1064	1064
where update joe prof pics?	finish headshots, export finals	https://github.com/alh-industries/l4vISSUES-gpt5/issues/1065	1065
where update joe prof pics?	outlook	https://github.com/alh-industries/l4vISSUES-gpt5/issues/1066	1066
where update joe prof pics?	facebook business page	https://github.com/alh-industries/l4vISSUES-gpt5/issues/1067	1067
where update joe prof pics?	fb personal acct	https://github.com/alh-industries/l4vISSUES-gpt5/issues/1068	1068
where update joe prof pics?	ig business acct	https://github.com/alh-industries/l4vISSUES-gpt5/issues/1069	1069
where update joe prof pics?	yelp	https://github.com/alh-industries/l4vISSUES-gpt5/issues/1070	1070
where update joe prof pics?	gmail?	https://github.com/alh-industries/l4vISSUES-gpt5/issues/1071	1071
where update joe prof pics?	google business page / acct	https://github.com/alh-industries/l4vISSUES-gpt5/issues/1072	1072
Hire help	GOOGLE analytics	https://github.com/alh-industries/l4vISSUES-gpt5/issues/1073	1073
Hire help	IG / FB  admin	https://github.com/alh-industries/l4vISSUES-gpt5/issues/1074	1074
Hire help	WEBDEV (wix)	https://github.com/alh-industries/l4vISSUES-gpt5/issues/1075	1075
Hire help	IG post creation / management	https://github.com/alh-industries/l4vISSUES-gpt5/issues/1076	1076
Hire help	Katie Todd?	https://github.com/alh-industries/l4vISSUES-gpt5/issues/1077	1077
